SourceSchema;SourceTableName;SourceColumnName;SourceDataType;SourceColumnPrimaryKey;TransformationLogic;DestinationSchema;DestinationTableName;DestinationColumnName;DestinationDataType;DestinationColumnPrimaryKey
dbo;F4101;IMOPV;float;;DirectMove;SRC_JDEE1;ITEMMASTER;ORDERPOLICYVALUE;NUMERIC(15,0);
dbo;F4101;IMACQ;float;;DirectMove;SRC_JDEE1;ITEMMASTER;ACCTINGCOSTQTY;NUMERIC(15,0);
dbo;F4101;IMMLQ;float;;DirectMove;SRC_JDEE1;ITEMMASTER;MFGLEADTIMEQTY;NUMERIC(15,0);
dbo;F4101;IMLTPU;float;;DirectMove;SRC_JDEE1;ITEMMASTER;LEADTIMEPERUNIT;NUMERIC(5,0);
dbo;F4101;IMMPSP;nchar(1);;DirectMove;SRC_JDEE1;ITEMMASTER;PLANTIMEFENCERULE;VARCHAR(1);
dbo;F4101;IMMRPP;nchar(1);;DirectMove;SRC_JDEE1;ITEMMASTER;FIXEDVARIABLELEADTIME;VARCHAR(1);
dbo;F4101;IMITC;nchar(1);;DirectMove;SRC_JDEE1;ITEMMASTER;ISSUETYPECODE;VARCHAR(1);
dbo;F4101;IMORDW;nchar(1);;DirectMove;SRC_JDEE1;ITEMMASTER;ORDERWITHYN;VARCHAR(1);
dbo;F4101;IMMTF1;float;;DirectMove;SRC_JDEE1;ITEMMASTER;PLANNINGTIMEFENCEDAYS;NUMERIC(5,0);
dbo;F4101;IMMTF2;float;;DirectMove;SRC_JDEE1;ITEMMASTER;FREEZETIMEFENCEDAYS;NUMERIC(5,0);
dbo;F4101;IMMTF3;float;;DirectMove;SRC_JDEE1;ITEMMASTER;MSGTIMEFENCEDAYS;NUMERIC(5,0);
dbo;F4101;IMMTF4;float;;DirectMove;SRC_JDEE1;ITEMMASTER;TIMEFENCE4;NUMERIC(5,0);
dbo;F4101;IMMTF5;float;;DirectMove;SRC_JDEE1;ITEMMASTER;TIMEFENCE5;NUMERIC(5,0);
dbo;F4101;IMEXPD;float;;DirectMove;SRC_JDEE1;ITEMMASTER;EXPEDITEDAMPERDAYS;NUMERIC(5,0);
dbo;F4101;IMDEFD;float;;DirectMove;SRC_JDEE1;ITEMMASTER;DEFERDAMPERDAYS;NUMERIC(5,0);
dbo;F4101;IMSFLT;float;;DirectMove;SRC_JDEE1;ITEMMASTER;SAFETYLEADTIME;NUMERIC(5,0);
dbo;F4101;IMMAKE;nchar(1);;DirectMove;SRC_JDEE1;ITEMMASTER;MAKEBUYCODE;VARCHAR(1);
dbo;F4101;IMCOBY;nchar(1);;DirectMove;SRC_JDEE1;ITEMMASTER;COPRODUCTSBYPRODUCTS;VARCHAR(1);
dbo;F4101;IMLLX;float;;DirectMove;SRC_JDEE1;ITEMMASTER;LOWLEVELCODE;NUMERIC(3,0);
dbo;F4101;IMCMGL;nchar(1);;DirectMove;SRC_JDEE1;ITEMMASTER;ALLOCATEBYLOT;VARCHAR(1);
dbo;F4101;IMCOMH;float;;DirectMove;SRC_JDEE1;ITEMMASTER;COMMITMENTSPECIFICDAYS;NUMERIC(3,0);
dbo;F4101;IMURCD;nchar(2);;DirectMove;SRC_JDEE1;ITEMMASTER;USERRESERVEDCODE;VARCHAR(2);
dbo;F4101;IMURDT;numeric(18,0);;DirectMove;SRC_JDEE1;ITEMMASTER;USERRESERVEDDATE;NUMERIC(18,0);
dbo;F4101;IMURAT;float;;DirectMove;SRC_JDEE1;ITEMMASTER;USERRESERVEDAMOUNT;NUMERIC(15,0);
dbo;F4101;IMURAB;float;;DirectMove;SRC_JDEE1;ITEMMASTER;USERRESERVEDNUMBER;NUMERIC(8,0);
dbo;F4101;IMURRF;nchar(15);;DirectMove;SRC_JDEE1;ITEMMASTER;USERRESERVEDREFERENCE;VARCHAR(15);
dbo;F4101;IMUSER;nchar(10);;DirectMove;SRC_JDEE1;ITEMMASTER;USERID;VARCHAR(10);
dbo;F4101;IMPID;nchar(10);;DirectMove;SRC_JDEE1;ITEMMASTER;PROGRAMID;VARCHAR(10);
dbo;F4101;IMJOBN;nchar(10);;DirectMove;SRC_JDEE1;ITEMMASTER;WORKSTATIONID;VARCHAR(10);
dbo;F4101;IMUPMJ;numeric(18,0);;DirectMove;SRC_JDEE1;ITEMMASTER;DATEUPDATED;NUMERIC(18,0);
dbo;F4101;IMTDAY;float;;toDateTimeFormat();SRC_JDEE1;ITEMMASTER;TIMEOFDAY;NUMERIC(6,0);
dbo;F4101;IMUPCN;nchar(13);;DirectMove;SRC_JDEE1;ITEMMASTER;UPCNUMBER;VARCHAR(13);
dbo;F4101;IMSCC0;nchar(14);;DirectMove;SRC_JDEE1;ITEMMASTER;AGGREGATESCCCODEPI0;VARCHAR(14);
dbo;F4101;IMUMUP;nchar(2);;DirectMove;SRC_JDEE1;ITEMMASTER;UNITOFMEASUREUPC;VARCHAR(2);
dbo;F4101;IMUMDF;nchar(2);;DirectMove;SRC_JDEE1;ITEMMASTER;UNITOFMEASUREAGGREGATEUPC;VARCHAR(2);
dbo;F4101;IMUMS0;nchar(2);;DirectMove;SRC_JDEE1;ITEMMASTER;UNITOFMEASURESCCPI0;VARCHAR(2);
dbo;F4101;IMUMS1;nchar(2);;DirectMove;SRC_JDEE1;ITEMMASTER;UNITOFMEASURESCCPI1;VARCHAR(2);
dbo;F4101;IMUMS2;nchar(2);;DirectMove;SRC_JDEE1;ITEMMASTER;UNITOFMEASURESCCPI2;VARCHAR(2);
dbo;F4101;IMUMS3;nchar(2);;DirectMove;SRC_JDEE1;ITEMMASTER;UNITOFMEASURESCCPI3;VARCHAR(2);
dbo;F4101;IMUMS4;nchar(2);;DirectMove;SRC_JDEE1;ITEMMASTER;UNITOFMEASURESCCPI4;VARCHAR(2);
dbo;F4101;IMUMS5;nchar(2);;DirectMove;SRC_JDEE1;ITEMMASTER;UNITOFMEASURESCCPI5;VARCHAR(2);
dbo;F4101;IMUMS6;nchar(2);;DirectMove;SRC_JDEE1;ITEMMASTER;UNITOFMEASURESCCPI6;VARCHAR(2);
dbo;F4101;IMUMS7;nchar(2);;DirectMove;SRC_JDEE1;ITEMMASTER;UNITOFMEASURESCCPI7;VARCHAR(2);
dbo;F4101;IMUMS8;nchar(2);;DirectMove;SRC_JDEE1;ITEMMASTER;UNITOFMEASURESCCPI8;VARCHAR(2);
dbo;F4101;IMPOC;nchar(1);;DirectMove;SRC_JDEE1;ITEMMASTER;PAYONCONSUMPTION;VARCHAR(1);
dbo;F4101;IMAVRT;float;;DirectMove;SRC_JDEE1;ITEMMASTER;AVERAGEQUEUETIMEHOURS;NUMERIC(15,0);
dbo;F4101;IMEQTY;nchar(5);;DirectMove;SRC_JDEE1;ITEMMASTER;PALLETTYPE;VARCHAR(5);
dbo;F4101;IMWTRQ;nchar(1);;DirectMove;SRC_JDEE1;ITEMMASTER;ITEMWEIGHTREQUIRED;VARCHAR(1);
dbo;F4101;IMTMPL;nchar(20);;DirectMove;SRC_JDEE1;ITEMMASTER;TEMPLATE;VARCHAR(20);
dbo;F4101;IMSEG1;nchar(10);;DirectMove;SRC_JDEE1;ITEMMASTER;SEGMENT1;VARCHAR(10);
dbo;F4101;IMSEG2;nchar(10);;DirectMove;SRC_JDEE1;ITEMMASTER;SEGMENT2;VARCHAR(10);
dbo;F4101;IMSEG3;nchar(10);;DirectMove;SRC_JDEE1;ITEMMASTER;SEGMENT3;VARCHAR(10);
dbo;F4101;IMSEG4;nchar(10);;DirectMove;SRC_JDEE1;ITEMMASTER;SEGMENT4;VARCHAR(10);
dbo;F4101;IMSEG5;nchar(10);;DirectMove;SRC_JDEE1;ITEMMASTER;SEGMENT5;VARCHAR(10);
dbo;F4101;IMSEG6;nchar(10);;DirectMove;SRC_JDEE1;ITEMMASTER;SEGMENT6;VARCHAR(10);
dbo;F4101;IMSEG7;nchar(10);;DirectMove;SRC_JDEE1;ITEMMASTER;SEGMENT7;VARCHAR(10);
dbo;F4101;IMSEG8;nchar(10);;DirectMove;SRC_JDEE1;ITEMMASTER;SEGMENT8;VARCHAR(10);
dbo;F4101;IMSEG9;nchar(10);;DirectMove;SRC_JDEE1;ITEMMASTER;SEGMENT9;VARCHAR(10);
dbo;F4101;IMSEG0;nchar(10);;DirectMove;SRC_JDEE1;ITEMMASTER;SEGMENT10;VARCHAR(10);
dbo;F4101;IMMIC;nchar(1);;DirectMove;SRC_JDEE1;ITEMMASTER;MATRIXCONTROLLED;VARCHAR(1);
dbo;F4101;IMAING;nchar(1);;DirectMove;SRC_JDEE1;ITEMMASTER;ACTIVEINGREDIENTFLAG;VARCHAR(1);
dbo;F4101;IMBBDD;float;;DirectMove;SRC_JDEE1;ITEMMASTER;BESTBEFOREDEFAULTDAYS;NUMERIC(6,0);
dbo;F4101;IMCMDM;nchar(1);;DirectMove;SRC_JDEE1;ITEMMASTER;COMMITMENTDATEMETHOD;VARCHAR(1);
dbo;F4101;IMLECM;nchar(1);;DirectMove;SRC_JDEE1;ITEMMASTER;LOTEXPIRATIONDATECALCULATIONMETHOD;VARCHAR(1);
dbo;F4101;IMLEDD;float;;DirectMove;SRC_JDEE1;ITEMMASTER;LOTEFFECTIVEDEFAULTDAYS;NUMERIC(6,0);
dbo;F4101;IMPEFD;float;;DirectMove;SRC_JDEE1;ITEMMASTER;PURCHASINGEFFECTIVEDAYS;NUMERIC(6,0);
dbo;F4101;IMSBDD;float;;DirectMove;SRC_JDEE1;ITEMMASTER;SELLBYDEFAULTDAYS;NUMERIC(6,0);
dbo;F4101;IMU1DD;float;;DirectMove;SRC_JDEE1;ITEMMASTER;USERLOTDATE1DEFAULTDAYS;NUMERIC(6,0);
dbo;F4101;IMU2DD;float;;DirectMove;SRC_JDEE1;ITEMMASTER;USERLOTDATE2DEFAULTDAYS;NUMERIC(6,0);
dbo;F4101;IMU3DD;float;;DirectMove;SRC_JDEE1;ITEMMASTER;USERLOTDATE3DEFAULTDAYS;NUMERIC(6,0);
dbo;F4101;IMU4DD;float;;DirectMove;SRC_JDEE1;ITEMMASTER;USERLOTDATE4DEFAULTDAYS;NUMERIC(6,0);
dbo;F4101;IMU5DD;float;;DirectMove;SRC_JDEE1;ITEMMASTER;USERLOTDATE5DEFAULTDAYS;NUMERIC(6,0);
dbo;F4101;IMDLTL;float;;DirectMove;SRC_JDEE1;ITEMMASTER;DUALTOLERANCE;NUMERIC(7,0);
dbo;F4101;IMDPPO;nchar(1);;DirectMove;SRC_JDEE1;ITEMMASTER;DUALPICKINGPROCESSOPTION;VARCHAR(1);
dbo;F4101;IMDUAL;nchar(1);;DirectMove;SRC_JDEE1;ITEMMASTER;DUALUNITOFMEASUREITEM;VARCHAR(1);
dbo;F4101;IMXDCK;nchar(1);;DirectMove;SRC_JDEE1;ITEMMASTER;CROSSDOCKFLAG;VARCHAR(1);
dbo;F4101;IMLAF;nchar(1);;DirectMove;SRC_JDEE1;ITEMMASTER;LOTAUDITFLAG;VARCHAR(1);
dbo;F4101;IMLTFM;nchar(1);;DirectMove;SRC_JDEE1;ITEMMASTER;SPECIALLOTFORMAT;VARCHAR(1);
dbo;F4101;IMRWLA;nchar(1);;DirectMove;SRC_JDEE1;ITEMMASTER;RESTRICTWOLOTASSIGNMENT;VARCHAR(1);
dbo;F4101;IMLNPA;nchar(1);;DirectMove;SRC_JDEE1;ITEMMASTER;LOTNUMBERPREASIGNMENT;VARCHAR(1);
dbo;F4101;IMLOTC;nchar(3);;DirectMove;SRC_JDEE1;ITEMMASTER;LOTSTATUSCODEEXPANDED;VARCHAR(3);
dbo;F4101;IMAPSC;nchar(1);;DirectMove;SRC_JDEE1;ITEMMASTER;CONSTRAINTSFLAG;VARCHAR(1);
dbo;F4101;IMAUOM;nchar(9);;DirectMove;SRC_JDEE1;ITEMMASTER;APSPLANNINGUOM;VARCHAR(9);
dbo;F4101;IMCONB;nchar(1);;DirectMove;SRC_JDEE1;ITEMMASTER;CONSUMABLE;VARCHAR(1);
dbo;F4101;IMGCMP;nchar(1);;DirectMove;SRC_JDEE1;ITEMMASTER;COMPOSITION;VARCHAR(1);
dbo;F4101;IMPRI1;float;;DirectMove;SRC_JDEE1;ITEMMASTER;PRIORITYONEALERTLEVEL;NUMERIC(15,0);
dbo;F4101;IMPRI2;float;;DirectMove;SRC_JDEE1;ITEMMASTER;PRIORITYTWOALERTLEVEL;NUMERIC(15,0);
dbo;F4101;IMASHL;nchar(1);;DirectMove;SRC_JDEE1;ITEMMASTER;ALLOWSHIPPINGHELDLOTS;VARCHAR(1);
dbo;F4101;IMVMINV;nchar(1);;DirectMove;SRC_JDEE1;ITEMMASTER;VENDORMANAGEDINVENTORY;VARCHAR(1);
dbo;F4101;IMCMETH;nchar(1);;DirectMove;SRC_JDEE1;ITEMMASTER;METHODOFCOSTCALCULA;VARCHAR(1);
dbo;F4101;IMEXPI;nchar(1);;DirectMove;SRC_JDEE1;ITEMMASTER;EXPLODEITEM10;VARCHAR(1);
dbo;F4101;IMOPTH;float;;DirectMove;SRC_JDEE1;ITEMMASTER;MINOPERATIONALTHRESHOLD;NUMERIC(15,0);
dbo;F4101;IMCUTH;float;;DirectMove;SRC_JDEE1;ITEMMASTER;MINCUMULATIVETHRESHOLD;NUMERIC(15,0);
dbo;F4101;IMUMTH;nchar(3);;DirectMove;SRC_JDEE1;ITEMMASTER;OPERATIONALTHRESHOLDUOM;VARCHAR(3);
dbo;F4101;IMLMFG;nchar(1);;DirectMove;SRC_JDEE1;ITEMMASTER;LEANFLAG;VARCHAR(1);
dbo;F4101;IMLINE;nchar(12);;DirectMove;SRC_JDEE1;ITEMMASTER;LINEIDENTIFIER;VARCHAR(12);
dbo;F4101;IMDFTPCT;float;;DirectMove;SRC_JDEE1;ITEMMASTER;TOTALPRODUCTCYCLETIME;NUMERIC(20,0);
dbo;F4101;IMKBIT;nchar(1);;DirectMove;SRC_JDEE1;ITEMMASTER;KANBANITEM;VARCHAR(1);
dbo;F4101;IMDFENDITM;nchar(1);;DirectMove;SRC_JDEE1;ITEMMASTER;DFENDITEMFLAG;VARCHAR(1);
dbo;F4101;IMKANEXLL;nchar(1);;DirectMove;SRC_JDEE1;ITEMMASTER;KANBANEXPLODETOLOWERLEVEL;VARCHAR(1);
dbo;F4101;IMSCPSELL;nchar(1);;DirectMove;SRC_JDEE1;ITEMMASTER;SELLABLE;VARCHAR(1);
dbo;F4101;IMMOPTH;float;;DirectMove;SRC_JDEE1;ITEMMASTER;MAXOPERATIONALTHRESHOLD;NUMERIC(15,0);
dbo;F4101;IMMCUTH;float;;DirectMove;SRC_JDEE1;ITEMMASTER;MAXCUMULATIVETHRESHOLD;NUMERIC(15,0);
dbo;F4101;IMCUMTH;nchar(3);;DirectMove;SRC_JDEE1;ITEMMASTER;CUMULATIVETHRESHOLDUOM;VARCHAR(3);
dbo;F4101;IMATPRN;nchar(80);;DirectMove;SRC_JDEE1;ITEMMASTER;ATPRULENAME;VARCHAR(80);
dbo;F4101;IMATPCA;nchar(1);;DirectMove;SRC_JDEE1;ITEMMASTER;CHECKATP;VARCHAR(1);
dbo;F4101;IMATPAC;nchar(5);;DirectMove;SRC_JDEE1;ITEMMASTER;ATPCOMPONENTS;VARCHAR(5);
dbo;F4101;IMCOORE;nchar(1);;DirectMove;SRC_JDEE1;ITEMMASTER;COUNTRYOFORIGINREQUIRED;VARCHAR(1);
dbo;F4101;IMVCPFC;nchar(20);;DirectMove;SRC_JDEE1;ITEMMASTER;ATOFORECASTCONTROL;VARCHAR(20);
dbo;F4101;IMPNYN;nchar(1);;DirectMove;SRC_JDEE1;ITEMMASTER;PRODUCTIONNUMBERCONTROLLED;VARCHAR(1);
dbo;F4101;IMITM;float;Y;DirectMove;SRC_JDEE1;ITEMMASTER;IDENTIFIERSHORTITEM;NUMERIC(8,0);Y
dbo;F4101;IMLITM;nchar(25);;DirectMove;SRC_JDEE1;ITEMMASTER;IDENTIFIER2NDITEM;VARCHAR(25);
dbo;F4101;IMAITM;nchar(25);;DirectMove;SRC_JDEE1;ITEMMASTER;IDENTIFIER3RDITEM;VARCHAR(25);
dbo;F4101;IMDSC1;nchar(30);;DirectMove;SRC_JDEE1;ITEMMASTER;DESCRIPTIONLINE1;VARCHAR(30);
dbo;F4101;IMDSC2;nchar(30);;DirectMove;SRC_JDEE1;ITEMMASTER;DESCRIPTIONLINE2;VARCHAR(30);
dbo;F4101;IMSRTX;nchar(30);;DirectMove;SRC_JDEE1;ITEMMASTER;SEARCHTEXT;VARCHAR(30);
dbo;F4101;IMALN;nchar(30);;DirectMove;SRC_JDEE1;ITEMMASTER;SEARCHTEXTCOMPRESSED;VARCHAR(30);
dbo;F4101;IMSRP1;nchar(3);;DirectMove;SRC_JDEE1;ITEMMASTER;SALESREPORTINGCODE1;VARCHAR(3);
dbo;F4101;IMSRP2;nchar(3);;DirectMove;SRC_JDEE1;ITEMMASTER;SALESREPORTINGCODE2;VARCHAR(3);
dbo;F4101;IMSRP3;nchar(3);;DirectMove;SRC_JDEE1;ITEMMASTER;SALESREPORTINGCODE3;VARCHAR(3);
dbo;F4101;IMSRP4;nchar(3);;DirectMove;SRC_JDEE1;ITEMMASTER;SALESREPORTINGCODE4;VARCHAR(3);
dbo;F4101;IMSRP5;nchar(3);;DirectMove;SRC_JDEE1;ITEMMASTER;SALESREPORTINGCODE5;VARCHAR(3);
dbo;F4101;IMSRP6;nchar(6);;DirectMove;SRC_JDEE1;ITEMMASTER;SALESREPORTINGCODE6;VARCHAR(6);
dbo;F4101;IMSRP7;nchar(6);;DirectMove;SRC_JDEE1;ITEMMASTER;SALESREPORTINGCODE7;VARCHAR(6);
dbo;F4101;IMSRP8;nchar(6);;DirectMove;SRC_JDEE1;ITEMMASTER;SALESREPORTINGCODE8;VARCHAR(6);
dbo;F4101;IMSRP9;nchar(6);;DirectMove;SRC_JDEE1;ITEMMASTER;SALESREPORTINGCODE9;VARCHAR(6);
dbo;F4101;IMSRP0;nchar(6);;DirectMove;SRC_JDEE1;ITEMMASTER;SALESREPORTINGCODE10;VARCHAR(6);
dbo;F4101;IMPRP1;nchar(3);;DirectMove;SRC_JDEE1;ITEMMASTER;PURCHASINGREPORTCODE1;VARCHAR(3);
dbo;F4101;IMPRP2;nchar(3);;DirectMove;SRC_JDEE1;ITEMMASTER;PURCHASINGREPORTCODE2;VARCHAR(3);
dbo;F4101;IMPRP3;nchar(3);;DirectMove;SRC_JDEE1;ITEMMASTER;PURCHASINGREPORTCODE3;VARCHAR(3);
dbo;F4101;IMPRP4;nchar(3);;DirectMove;SRC_JDEE1;ITEMMASTER;PURCHASINGREPORTCODE4;VARCHAR(3);
dbo;F4101;IMPRP5;nchar(3);;DirectMove;SRC_JDEE1;ITEMMASTER;PURCHASINGREPORTCODE5;VARCHAR(3);
dbo;F4101;IMPRP6;nchar(6);;DirectMove;SRC_JDEE1;ITEMMASTER;PURCHREPORTINGCODE6;VARCHAR(6);
dbo;F4101;IMPRP7;nchar(6);;DirectMove;SRC_JDEE1;ITEMMASTER;PURCHREPORTINGCODE7;VARCHAR(6);
dbo;F4101;IMPRP8;nchar(6);;DirectMove;SRC_JDEE1;ITEMMASTER;PURCHREPORTINGCODE8;VARCHAR(6);
dbo;F4101;IMPRP9;nchar(6);;DirectMove;SRC_JDEE1;ITEMMASTER;PURCHREPORTINGCODE9;VARCHAR(6);
dbo;F4101;IMPRP0;nchar(6);;DirectMove;SRC_JDEE1;ITEMMASTER;PURCHREPORTINGCODE10;VARCHAR(6);
dbo;F4101;IMCDCD;nchar(15);;DirectMove;SRC_JDEE1;ITEMMASTER;COMMODITYCODE;VARCHAR(15);
dbo;F4101;IMPDGR;nchar(3);;DirectMove;SRC_JDEE1;ITEMMASTER;PRODUCTGROUPFROM;VARCHAR(3);
dbo;F4101;IMDSGP;nchar(3);;DirectMove;SRC_JDEE1;ITEMMASTER;DISPATCHGRP;VARCHAR(3);
dbo;F4101;IMPRGR;nchar(8);;DirectMove;SRC_JDEE1;ITEMMASTER;PRICINGCATEGORY;VARCHAR(8);
dbo;F4101;IMRPRC;nchar(8);;DirectMove;SRC_JDEE1;ITEMMASTER;REPRICEBASKETPRICECAT;VARCHAR(8);
dbo;F4101;IMORPR;nchar(8);;DirectMove;SRC_JDEE1;ITEMMASTER;ORDERREPRICECATEGORY;VARCHAR(8);
dbo;F4101;IMBUYR;float;;DirectMove;SRC_JDEE1;ITEMMASTER;BUYER;NUMERIC(8,0);
dbo;F4101;IMDRAW;nchar(20);;DirectMove;SRC_JDEE1;ITEMMASTER;DRAWINGNUMBER;VARCHAR(20);
dbo;F4101;IMRVNO;nchar(2);;DirectMove;SRC_JDEE1;ITEMMASTER;REVISIONNUMBER;VARCHAR(2);
dbo;F4101;IMDSZE;nchar(1);;DirectMove;SRC_JDEE1;ITEMMASTER;DRAWINGSIZE;VARCHAR(1);
dbo;F4101;IMVCUD;float;;DirectMove;SRC_JDEE1;ITEMMASTER;VOLUMECUBICDIMENSIONS;NUMERIC(15,0);
dbo;F4101;IMCARS;float;;DirectMove;SRC_JDEE1;ITEMMASTER;CARRIER;NUMERIC(8,0);
dbo;F4101;IMCARP;float;;DirectMove;SRC_JDEE1;ITEMMASTER;PREFERCARRIERPURCHASIN;NUMERIC(8,0);
dbo;F4101;IMSHCN;nchar(3);;DirectMove;SRC_JDEE1;ITEMMASTER;SHIPPINGCONDITIONSCODE;VARCHAR(3);
dbo;F4101;IMSHCM;nchar(3);;DirectMove;SRC_JDEE1;ITEMMASTER;SHIPPINGCOMMODITYCLASS;VARCHAR(3);
dbo;F4101;IMUOM1;nchar(2);;DirectMove;SRC_JDEE1;ITEMMASTER;UNITOFMEASUREPRIMARY;VARCHAR(2);
dbo;F4101;IMUOM2;nchar(2);;DirectMove;SRC_JDEE1;ITEMMASTER;UNITOFMEASURESECONDARY;VARCHAR(2);
dbo;F4101;IMUOM3;nchar(2);;DirectMove;SRC_JDEE1;ITEMMASTER;UNITOFMEASUREPURCHAS;VARCHAR(2);
dbo;F4101;IMUOM4;nchar(2);;DirectMove;SRC_JDEE1;ITEMMASTER;UNITOFMEASUREPRICING;VARCHAR(2);
dbo;F4101;IMUOM6;nchar(2);;DirectMove;SRC_JDEE1;ITEMMASTER;UNITOFMEASURESHIPPING;VARCHAR(2);
dbo;F4101;IMUOM8;nchar(2);;DirectMove;SRC_JDEE1;ITEMMASTER;UNITOFMEASUREPRODUCTION;VARCHAR(2);
dbo;F4101;IMUOM9;nchar(2);;DirectMove;SRC_JDEE1;ITEMMASTER;UNITOFMEASUREALLOCATION;VARCHAR(2);
dbo;F4101;IMUWUM;nchar(2);;DirectMove;SRC_JDEE1;ITEMMASTER;UNITOFMEASUREWEIGHT;VARCHAR(2);
dbo;F4101;IMUVM1;nchar(2);;DirectMove;SRC_JDEE1;ITEMMASTER;UNITOFMEASUREVOLUME;VARCHAR(2);
dbo;F4101;IMSUTM;nchar(2);;DirectMove;SRC_JDEE1;ITEMMASTER;UNITOFMEASURESTOCKI;VARCHAR(2);
dbo;F4101;IMUMVW;nchar(1);;DirectMove;SRC_JDEE1;ITEMMASTER;UNITOFMEASUREVOLUMEORWEI;VARCHAR(1);
dbo;F4101;IMCYCL;nchar(3);;DirectMove;SRC_JDEE1;ITEMMASTER;CYCLECOUNTCATEGORY;VARCHAR(3);
dbo;F4101;IMGLPT;nchar(4);;DirectMove;SRC_JDEE1;ITEMMASTER;GLCATEGORY;VARCHAR(4);
dbo;F4101;IMPLEV;nchar(1);;DirectMove;SRC_JDEE1;ITEMMASTER;PRICELEVEL;VARCHAR(1);
dbo;F4101;IMPPLV;nchar(1);;DirectMove;SRC_JDEE1;ITEMMASTER;LEVELPURCHASINGPRICE;VARCHAR(1);
dbo;F4101;IMCLEV;nchar(1);;DirectMove;SRC_JDEE1;ITEMMASTER;COSTLEVEL;VARCHAR(1);
dbo;F4101;IMPRPO;nchar(1);;DirectMove;SRC_JDEE1;ITEMMASTER;POTENCYPRICING;VARCHAR(1);
dbo;F4101;IMCKAV;nchar(1);;DirectMove;SRC_JDEE1;ITEMMASTER;CHECKAVAILABILITYYN;VARCHAR(1);
dbo;F4101;IMBPFG;nchar(1);;DirectMove;SRC_JDEE1;ITEMMASTER;BULKPACKEDFLAG;VARCHAR(1);
dbo;F4101;IMSRCE;nchar(1);;DirectMove;SRC_JDEE1;ITEMMASTER;LAYERCODESOURCE;VARCHAR(1);
dbo;F4101;IMOT1Y;nchar(1);;DirectMove;SRC_JDEE1;ITEMMASTER;CONSTANTFUTUREUSE1;VARCHAR(1);
dbo;F4101;IMOT2Y;nchar(1);;DirectMove;SRC_JDEE1;ITEMMASTER;CONSTANTFUTUREUSE2;VARCHAR(1);
dbo;F4101;IMSTDP;float;;DirectMove;SRC_JDEE1;ITEMMASTER;STANDARDPOTENCY;NUMERIC(7,0);
dbo;F4101;IMFRMP;float;;DirectMove;SRC_JDEE1;ITEMMASTER;FROMPOTENCY;NUMERIC(7,0);
dbo;F4101;IMTHRP;float;;DirectMove;SRC_JDEE1;ITEMMASTER;THRUPOTENCY;NUMERIC(7,0);
dbo;F4101;IMSTDG;nchar(3);;DirectMove;SRC_JDEE1;ITEMMASTER;STANDARDGRADE;VARCHAR(3);
dbo;F4101;IMFRGD;nchar(3);;DirectMove;SRC_JDEE1;ITEMMASTER;FROMGRADE;VARCHAR(3);
dbo;F4101;IMTHGD;nchar(3);;DirectMove;SRC_JDEE1;ITEMMASTER;THRUGRADE;VARCHAR(3);
dbo;F4101;IMCOTY;nchar(1);;DirectMove;SRC_JDEE1;ITEMMASTER;COMPONENTTYPE;VARCHAR(1);
dbo;F4101;IMSTKT;nchar(1);;DirectMove;SRC_JDEE1;ITEMMASTER;STOCKINGTYPE;VARCHAR(1);
dbo;F4101;IMLNTY;nchar(2);;DirectMove;SRC_JDEE1;ITEMMASTER;LINETYPE;VARCHAR(2);
dbo;F4101;IMCONT;nchar(1);;DirectMove;SRC_JDEE1;ITEMMASTER;CONTRACTITEM;VARCHAR(1);
dbo;F4101;IMBACK;nchar(1);;DirectMove;SRC_JDEE1;ITEMMASTER;BACKORDERSALLOWEDYN;VARCHAR(1);
dbo;F4101;IMIFLA;nchar(2);;DirectMove;SRC_JDEE1;ITEMMASTER;ITEMFLASHMESSAGE;VARCHAR(2);
dbo;F4101;IMTFLA;nchar(2);;DirectMove;SRC_JDEE1;ITEMMASTER;TEMPORARYITEMFLASHMESSAG;VARCHAR(2);
dbo;F4101;IMINMG;nchar(10);;DirectMove;SRC_JDEE1;ITEMMASTER;PRINTMESSAGE1;VARCHAR(10);
dbo;F4101;IMABCS;nchar(1);;DirectMove;SRC_JDEE1;ITEMMASTER;ABCCODE1SALESINV;VARCHAR(1);
dbo;F4101;IMABCM;nchar(1);;DirectMove;SRC_JDEE1;ITEMMASTER;ABCCODE2MARGININV;VARCHAR(1);
dbo;F4101;IMABCI;nchar(1);;DirectMove;SRC_JDEE1;ITEMMASTER;ABCCODE3INVESTINV;VARCHAR(1);
dbo;F4101;IMOVR;nchar(1);;DirectMove;SRC_JDEE1;ITEMMASTER;ABCCODEOVERRIDEINDICA;VARCHAR(1);
dbo;F4101;IMWARR;nchar(8);;DirectMove;SRC_JDEE1;ITEMMASTER;TYPEWARRANTY;VARCHAR(8);
dbo;F4101;IMCMCG;nchar(8);;DirectMove;SRC_JDEE1;ITEMMASTER;COMMISSIONCATEGORY;VARCHAR(8);
dbo;F4101;IMSRNR;nchar(1);;DirectMove;SRC_JDEE1;ITEMMASTER;SERIALNUMBERREQUIRED;VARCHAR(1);
dbo;F4101;IMPMTH;nchar(1);;DirectMove;SRC_JDEE1;ITEMMASTER;METHODOFPRICECALCULA;VARCHAR(1);
dbo;F4101;IMFIFO;nchar(1);;DirectMove;SRC_JDEE1;ITEMMASTER;FIFOPROCESSING;VARCHAR(1);
dbo;F4101;IMLOTS;nchar(1);;DirectMove;SRC_JDEE1;ITEMMASTER;LOTSTATUSCODE;VARCHAR(1);
dbo;F4101;IMSLD;float;;DirectMove;SRC_JDEE1;ITEMMASTER;SHELFLIFEDAYS;NUMERIC(6,0);
dbo;F4101;IMANPL;float;;DirectMove;SRC_JDEE1;ITEMMASTER;ADDRESSNUMBERPLANNER;NUMERIC(8,0);
dbo;F4101;IMMPST;nchar(1);;DirectMove;SRC_JDEE1;ITEMMASTER;PLANNINGCODE;VARCHAR(1);
dbo;F4101;IMPCTM;float;;DirectMove;SRC_JDEE1;ITEMMASTER;PERCENTMARGIN;NUMERIC(7,0);
dbo;F4101;IMMMPC;float;;DirectMove;SRC_JDEE1;ITEMMASTER;MARGINMAINTENANCEPER;NUMERIC(7,0);
dbo;F4101;IMPTSC;nchar(2);;DirectMove;SRC_JDEE1;ITEMMASTER;PARTSTATUSCODE;VARCHAR(2);
dbo;F4101;IMSNS;nchar(1);;DirectMove;SRC_JDEE1;ITEMMASTER;STOCKNONSTOCK;VARCHAR(1);
dbo;F4101;IMLTLV;float;;DirectMove;SRC_JDEE1;ITEMMASTER;LEADTIMELEVEL;NUMERIC(5,0);
dbo;F4101;IMLTMF;float;;DirectMove;SRC_JDEE1;ITEMMASTER;LEADTIMEMFG;NUMERIC(5,0);
dbo;F4101;IMLTCM;float;;DirectMove;SRC_JDEE1;ITEMMASTER;LEADTIMECUM;NUMERIC(5,0);
dbo;F4101;IMOPC;nchar(1);;DirectMove;SRC_JDEE1;ITEMMASTER;ORDERPOLICYCODE;VARCHAR(1);
dbo;F4101;IMURDT;numeric(18,0);;JulianDateToDate();;;USERRESERVEDDATE_DATE;DATETIME;
dbo;F4101;IMURDT;numeric(18,0);;toYYYYMM(JulianDateToDate());;;USERRESERVEDDATE_YM;int;
dbo;F4101;IMUPMJ;numeric(18,0);;JulianDateToDate();;;DATEUPDATED_DATE;DATETIME;
dbo;F4101;IMUPMJ;numeric(18,0);;toYYYYMM(JulianDateToDate());;;DATEUPDATED_YM;int;
dbo;F4101;IMITM;float;;toTrim();;;IDENTIFIERSHORTITEM_TRIM;NUMERIC(8,0);
